{"cameraMode":{"drawMode":0,"name":"Shaded","section":"Shading Mode"},"sceneLighting":true,"audioPlay":false,"sceneViewState":{"showFog":true,"showMaterialUpdate":false,"showSkybox":true,"showFlares":true,"showImageEffects":true,"showParticleSystems":true},"in2DMode":false,"pivot":{"x":-170.9873046875,"y":-3282.62158203125,"z":846.678466796875},"rotation":{"x":-0.18336226046085359,"y":0.801136314868927,"z":-0.30607765913009646,"w":-0.48066529631614687},"size":7478.330078125,"orthographic":false}