{"cameraMode":{"drawMode":0,"name":"Shaded","section":"Shading Mode"},"sceneLighting":false,"audioPlay":false,"sceneViewState":{"showFog":true,"showMaterialUpdate":false,"showSkybox":false,"showFlares":true,"showImageEffects":true,"showParticleSystems":true},"in2DMode":false,"pivot":{"x":3.2168331146240236,"y":2.666512966156006,"z":1.5580036640167237},"rotation":{"x":-0.11650915443897248,"y":0.574914813041687,"z":0.0832696408033371,"w":0.8056679964065552},"size":7.346774101257324,"orthographic":false}