{"cameraMode":{"drawMode":0,"name":"Shaded","section":"Shading Mode"},"sceneLighting":false,"audioPlay":false,"sceneViewState":{"showFog":true,"showMaterialUpdate":false,"showSkybox":false,"showFlares":true,"showImageEffects":true,"showParticleSystems":true},"in2DMode":false,"pivot":{"x":6.76800012588501,"y":1.741971731185913,"z":5.986000061035156},"rotation":{"x":0.04018785431981087,"y":0.7294584512710571,"z":-0.042894426733255389,"w":0.6815928816795349},"size":7.182657241821289,"orthographic":false}